loss_train,loss_val,acc_train,acc_val
0.35963648557662964,0.11199994385242462,0.8655460476875305,0.9675015807151794
