Acc_val,Acc_test,Mean_val,Std_val,Mean_test,Std_test
0.9856487357219564,0.9777357230323945,0.9856487357219564,0.00029387745646092814,0.9777357230323945,0.0006910055814125229
0.9857463633701065,0.9775130802627184,0.9857463633701065,,0.9775130802627184,
0.9858439910182564,0.9765111877991762,0.9858439910182564,,0.9765111877991762,
0.9857463633701065,0.9778470444172326,0.9857463633701065,,0.9778470444172326,
0.9850629698330567,0.9766225091840143,0.9850629698330567,,0.9766225091840143,
0.9860392463145563,0.9784036513414227,0.9860392463145563,,0.9784036513414227,
0.9859416186664063,0.9782923299565847,0.9859416186664063,,0.9782923299565847,
