Acc_test,Mean_test,Std_test
0.9784036513414227,0.977560789427649,0.0006910055814125229
0.9782923299565847,,
0.9775130802627184,,
0.9777357230323945,,
0.9765111877991762,,
0.9778470444172326,,
0.9766225091840143,,
