Acc_test,Mean_test,Std_test
0.9431258261880019,0.9423332153271643,0.001565523091673792
0.9430238741541167,,
0.9442982745776811,,
0.940837698154784,,
0.9392887223672336,,
0.942669359127198,,
0.9430887527211346,,
