Acc_test,Mean_test,Std_test
0.39757725362117036,0.4158637208644957,0.025964404412698046
0.42906602141006484,,
0.40639137789230384,,
0.40540637187282264,,
0.4036888421248823,,
0.39463632255750475,,
0.47427985657272087,,
