Acc_test,Mean_test,Std_test
0.9871596718582808,0.9869898262479406,0.00047919343647487305
0.9879919153489478,,
0.9870407799310427,,
0.9868029960765664,,
0.9863274283676139,,
0.9869218880038045,,
0.9866841041493283,,
