Acc_test,Mean_test,Std_test
0.9668273569746197,0.9696179628891287,0.001478804391496211
0.9680693181146752,,
0.9711464158646633,,
0.9706945829872178,,
0.9706980586247366,,
0.969593964439594,,
0.970296043218394,,
