loss_train,loss_val,acc_train,acc_val
0.19976811110973358,0.04800960049033165,0.9221526384353638,0.9873732328414917
0.06826744973659515,0.03611728176474571,0.9810315370559692,0.9918236136436462
0.05521748960018158,0.03634160757064819,0.9854211211204529,0.9907886385917664
0.05083315074443817,0.036269716918468475,0.9866272211074829,0.9912026524543762
0.04859047383069992,0.0372166745364666,0.987254798412323,0.9899606704711914
