Acc_val,Acc_test,Mean_val,Std_val,Mean_test,Std_test
0.9848677145367568,0.9769564733385283,0.984797980502364,0.00039986251758920437,0.977544886372672,0.00041102552387270875
0.9850629698330567,0.9775130802627184,,,,
0.984574831592307,0.9771791161082044,,,,
0.9847700868886069,0.9775130802627184,,,,
0.9841843209997071,0.9780696871869086,,,,
0.984574831592307,0.9774017588778804,,,,
0.9855511080738065,0.9781810085717466,,,,
