Acc_val,Acc_test,Mean_val,Std_val,Mean_test,Std_test
0.9842819486478571,0.9760659022598241,0.9844493103304,0.0005210957083518716,0.9766066061290374,0.0006167433542617007
0.9838914380552573,0.975843259490148,,,,
0.984574831592307,0.9766225091840143,,,,
0.9837938104071073,0.9759545808749861,,,,
0.9842819486478571,0.9775130802627184,,,,
0.9853558527775066,0.9771791161082044,,,,
0.9849653421849067,0.9770677947233664,,,,
