loss_train,loss_val,acc_train,acc_val
0.21469591557979584,0.07112070918083191,0.9161642789840698,0.9807673692703247
0.08435308933258057,0.058262504637241364,0.975497841835022,0.9829151630401611
0.07599174976348877,0.05799882113933563,0.9780448079109192,0.9842819571495056
0.07256688922643661,0.05272236093878746,0.9790827035903931,0.9853558540344238
0.06943948566913605,0.05291450768709183,0.9799399375915527,0.9851605892181396
0.06734349578619003,0.050864312797784805,0.9804960489273071,0.9860392212867737
0.0655861347913742,0.05283571407198906,0.9812363982200623,0.9848676919937134
0.06357444822788239,0.05149285867810249,0.9817996621131897,0.985551118850708
0.06185988709330559,0.055211927741765976,0.9822459816932678,0.9839890599250793
