Acc_val,Acc_test,Mean_val,Std_val,Mean_test,Std_test
0.9904781618712482,0.9859707525858994,0.9918975663128012,0.0006608953082363227,0.9867520423934645,0.0005424433793390071
0.9926516249223764,0.9870407799310427,,,,
0.9921341337197268,0.9870407799310427,,,,
0.9917201407576072,0.986446320294852,,,,
0.9921341337197268,0.9877541314944716,,,,
0.9924446284413165,0.9866841041493283,,,,
0.9917201407576072,0.9863274283676139,,,,
