Acc_test,Mean_test,Std_test
0.8926208651399491,0.8955652490003635,0.002712920124615828
0.8977099236641222,,
0.898473282442748,,
0.8905852417302799,,
0.8961832061068702,,
0.8956743002544529,,
0.8977099236641222,,
