Acc_test,Mean_test,Std_test
0.941305750673984,0.9431916977943108,0.002610763627413745
0.9430818014460969,,
0.9418688039520315,,
0.9390952452120197,,
0.9451880377824969,,
0.9477646437297761,,
0.9440376017637702,,
