Acc_test,Mean_test,Std_test
0.9765985325858395,0.9756624275474396,0.00046065149573195946
0.9754863285798198,,
0.9756288297180911,,
0.9758350508775405,,
0.9756415737223267,,
0.9749394949435267,,
0.9755071824049326,,
