Acc_test,Mean_test,Std_test
0.987397455712757,0.9868709343207025,0.0003752012166783993
0.9870407799310427,,
0.9866841041493283,,
0.9862085364403756,,
0.9871596718582808,,
0.9865652122220901,,
0.9870407799310427,,
