Acc_val,Acc_test,Mean_val,Std_val,Mean_test,Std_test
0.9846724592404569,0.9771791161082044,0.9846724592404569,0.0006740796347941885,0.9771791161082044,0.0007336119078685572
0.9835985551108074,0.9759545808749861,0.9835985551108074,,0.9759545808749861,
0.9851605974812067,0.9780696871869086,0.9851605974812067,,0.9780696871869086,
0.9844772039441569,0.9770677947233664,0.9844772039441569,,0.9770677947233664,
0.9855511080738065,0.9776244016475565,0.9855511080738065,,0.9776244016475565,
0.9856487357219564,0.9775130802627184,0.9856487357219564,,0.9775130802627184,
0.9853558527775066,0.9784036513414227,0.9853558527775066,,0.9784036513414227,
