Acc_test,Mean_test,Std_test
0.35641830572462957,0.4166190005075962,0.04043606327214829
0.4039131504263483,,
0.3919641280096052,,
0.3924268316073153,,
0.43962584941869476,,
0.4890365254102295,,
0.4429482129563509,,
