Acc_test,Mean_test,Std_test
0.6729377713458755,0.6634277444697126,0.006121044336498041
0.66648113102527,,
0.670711343649115,,
0.6595792051653122,,
0.6605810976288545,,
0.6570188133140377,,
0.6566848491595235,,
