Acc_test,Mean_test,Std_test
0.8229989981075364,0.8271496954564972,0.0046795533064278435
0.8325726372036069,,
0.8276744962707336,,
0.8270065679617055,,
0.8183234999443393,,
0.8295669598129801,,
0.8319047088945787,,
