Acc_test,Mean_test,Std_test
0.544695536012468,0.5352491213562126,0.008561192190026766
0.5317822553712568,,
0.5185350105755315,,
0.5371256818434821,,
0.5464766781698764,,
0.5342313258376934,,
0.5338973616831794,,
