Acc_test,Mean_test,Std_test
0.9050428587331626,0.9078895055740208,0.002429370583028694
0.9077145719692753,,
0.9078258933541133,,
0.9080485361237893,,
0.9073806078147613,,
0.9059334298118669,,
0.9132806412111767,,
