Acc_test,Mean_test,Std_test
0.9777357230323945,0.9778152383072787,0.0006957472958199498
0.9787376154959367,,
0.9767338305688523,,
0.9781810085717466,,
0.9785149727262608,,
0.9769564733385283,,
0.9778470444172326,,
