Acc_test,Mean_test,Std_test
0.9775130802627184,0.9774017588778804,0.0007336119078685572
0.9784036513414227,,
0.9759545808749861,,
0.9771791161082044,,
0.9780696871869086,,
0.9770677947233664,,
0.9776244016475565,,
