Acc_test,Mean_test,Std_test
0.9474553119906018,0.947011754440582,0.002439033342629118
0.9456607244850553,,
0.9506447886870316,,
0.9494005104552969,,
0.9441882127229188,,
0.943617049623994,,
0.9481156831191762,,
