loss_train,loss_val,acc_train,acc_val
0.19643431901931763,0.052420709282159805,0.925570547580719,0.9864417314529419
0.06738176196813583,0.03625819459557533,0.9816024899482727,0.9916166663169861
0.05505189672112465,0.03290807828307152,0.9856781959533691,0.9919271469116211
0.050482746213674545,0.034759532660245895,0.9869599342346191,0.9917201399803162
0.048291370272636414,0.0337800569832325,0.98739093542099,0.9908921718597412
0.046489108353853226,0.033637434244155884,0.9879088997840881,0.9914096593856812
