loss_train,loss_val,acc_train,acc_val
0.20286931097507477,0.04911375418305397,0.9232528805732727,0.9875802397727966
0.07073070853948593,0.03705209121108055,0.9802640676498413,0.9905816316604614
0.05653383955359459,0.03399626165628433,0.985099732875824,0.9916166663169861
0.05167899653315544,0.036222055554389954,0.9866158366203308,0.9909956455230713
0.04949646443128586,0.032229892909526825,0.9870203733444214,0.9914096593856812
0.047493621706962585,0.03372678533196449,0.9876782894134521,0.9913061261177063
0.04645747318863869,0.034631192684173584,0.987852156162262,0.9913061261177063
0.045422572642564774,0.03476344794034958,0.988230288028717,0.9910991787910461
