loss_train,loss_val,acc_train,acc_val
0.21007190644741058,0.05857064947485924,0.9168065786361694,0.9858207702636719
0.07476072758436203,0.03537166863679886,0.9786382913589478,0.9917201399803162
0.057287558913230896,0.03260083869099617,0.984672486782074,0.9920306205749512
0.051291536539793015,0.03148636221885681,0.9867103695869446,0.9922376275062561
0.04860801622271538,0.030726099386811256,0.9872359037399292,0.992755115032196
0.046838801354169846,0.03424784168601036,0.9876026511192322,0.9912026524543762
0.045405853539705276,0.03339759260416031,0.9881168603897095,0.9919271469116211
0.04456472769379616,0.03280618041753769,0.9883966445922852,0.9920306205749512
