Acc_val,Acc_test,Mean_val,Std_val,Mean_test,Std_test
0.982329395684858,0.9739507959479016,0.9839472252827716,0.0011214828520089983,0.9755729075555416,0.001025222974271154
0.9831104168700576,0.9747300456417678,,,,
0.9842819486478571,0.9763998664143382,,,,
0.9828175339256078,0.9748413670266058,,,,
0.9846724592404569,0.9765111877991762,,,,
0.9856487357219564,0.9769564733385283,,,,
0.9847700868886069,0.975620616720472,,,,
