Acc_test,Mean_test,Std_test
0.9464751822102969,0.9470046376589959,0.00247709439649863
0.9468505510623286,,
0.950119967421691,,
0.9449818166230474,,
0.9492197773043187,,
0.9424909430678989,,
0.94889422592339,,
