Acc_test,Mean_test,Std_test
0.9754909627631781,0.9746842838457167,0.0011409250313043323
0.9748583967347544,,
0.9749800440479128,,
0.9724092308298317,,
0.9754596820255088,,
0.9736685701574811,,
0.9759231003613504,,
