Acc_val,Acc_test,Mean_val,Std_val,Mean_test,Std_test
0.9817436297959582,0.9728375820995213,0.9816826125158644,0.0007418055215966681,0.9729489034843594,0.0003856285890167811
0.9810602362589085,0.9726149393298452,,,,
0.982036512740408,0.9727262607146833,,,,
0.9824270233330079,0.9726149393298452,,,,
0.9828175339256078,0.9731715462540353,,,,
0.9819388850922581,0.9727262607146833,,,,
0.9809626086107586,0.9738394745630635,,,,
0.9804744703700088,0.9730602248691974,,,,
