Acc_test,Mean_test,Std_test
0.9505733051319158,0.9516586886340865,0.0013401980549743438
0.9497940554380496,,
0.9517978403651342,,
0.9500166982077257,,
0.9527997328286764,,
0.9529110542135144,,
0.9516865189802961,,
0.9536903039073806,,
