Acc_test,Mean_test,Std_test
0.9727262607146833,0.9729489034843593,0.0003856285890167811
0.9738394745630635,,
0.9726149393298452,,
0.9730602248691974,,
0.9728375820995213,,
0.9727262607146833,,
0.9726149393298452,,
0.9731715462540353,,
