Acc_test,Mean_test,Std_test
0.9327618835578314,0.9336524546365357,0.0030384824811212855
0.930980741400423,,
0.9344317043304019,,
0.9298675275520427,,
0.9397751308026272,,
0.9319826338639653,,
0.9326505621729935,,
0.9367694534120005,,
