Acc_test,Mean_test,Std_test
0.9225203161527329,0.9238979182901035,0.00354132270470806
0.9283090281643104,,
0.9197372815317822,,
0.9257486363130357,,
0.9246354224646555,,
0.9172882110653456,,
0.9258599576978738,,
0.9270844929310921,,
