Acc_test,Mean_test,Std_test
0.9374373817210286,0.9398029611488368,0.003253532926115435
0.9438940220416342,,
0.934988311254592,,
0.9407770232661694,,
0.9423355226539019,,
0.935210954024268,,
0.9408883446510075,,
0.942892129578092,,
