loss_train,loss_val,acc_train,acc_val
0.1938418298959732,0.05144379660487175,0.9337975978851318,0.9875802397727966
0.07132118195295334,0.03871363401412964,0.9799615740776062,0.9901676774024963
0.055425647646188736,0.03185901418328285,0.9853568077087402,0.9919271469116211
0.05107025429606438,0.0373561792075634,0.9867519736289978,0.9901676774024963
0.048703376203775406,0.03373190388083458,0.9872586131095886,0.9920306205749512
0.04673045873641968,0.033134445548057556,0.9878635406494141,0.9922376275062561
