Acc_val,Acc_test,Mean_val,Std_val,Mean_test,Std_test
0.9915131442765474,0.986446320294852,0.9915131442765474,0.0007733800650928523,0.986446320294852,0.0009333785120868414
0.9900641689091285,0.985614076804185,0.9900641689091285,,0.985614076804185,
0.9918236389981371,0.9853762929497087,0.9918236389981371,,0.9853762929497087,
0.9926516249223764,0.9878730234217097,0.9926516249223764,,0.9878730234217097,
0.9917201407576072,0.9868029960765664,0.9917201407576072,,0.9868029960765664,
0.9908921548333678,0.9850196171679942,0.9908921548333678,,0.9850196171679942,
0.9920306354791969,0.9869218880038045,0.9920306354791969,,0.9869218880038045,
