Acc_test,Mean_test,Std_test
0.39483462409938047,0.4391484396176448,0.042687831854988555
0.4710355133138355,,
0.4441835340368884,,
0.512497873405596,,
0.3832919573012352,,
0.45858044270006515,,
0.4096151324665136,,
