Acc_test,Mean_test,Std_test
0.9451868792366573,0.9411079703485088,0.0028967183452906463
0.9398807392912711,,
0.9395806759188138,,
0.9418977675980217,,
0.9433911331852711,,
0.9355361923927563,,
0.9422824048167702,,
