Acc_test,Mean_test,Std_test
0.9732828676388734,0.9746187242569297,0.0011148030195653233
0.9752866525659579,,
0.9739507959479016,,
0.975397973950796,,
0.9730602248691974,,
0.9762885450295001,,
0.9750640097962818,,
