Acc_test,Mean_test,Std_test
0.9753171808872376,0.9758633524973366,0.0008513315153656216
0.9761501753459129,,
0.9748051036261326,,
0.9758431606984178,,
0.975818831235786,,
0.9754110231002455,,
0.9776979925876237,,
