Acc_val,Acc_test,Mean_val,Std_val,Mean_test,Std_test
0.9923411302007866,0.9870407799310427,0.9923411302007866,0.0003861242823787263,0.9870407799310427,0.00037288751804780574
0.991927137238667,0.9872785637855189,0.991927137238667,,0.9872785637855189,
0.9921341337197268,0.9875163476399953,0.9921341337197268,,0.9875163476399953,
0.9921341337197268,0.9876352395672334,0.9921341337197268,,0.9876352395672334,
0.9914096460360173,0.9877541314944716,0.9914096460360173,,0.9877541314944716,
0.9926516249223764,0.9872785637855189,0.9926516249223764,,0.9872785637855189,
0.9925481266818464,0.9865652122220901,0.9925481266818464,,0.9865652122220901,
