Acc_test,Mean_test,Std_test
0.9753924863668119,0.9760101568058693,0.0004938983849346875
0.9763343841344099,,
0.9759231003613504,,
0.9766888991613286,,
0.9753461445332277,,
0.9758431606984178,,
0.9765429223855385,,
