Acc_test,Mean_test,Std_test
0.975397973950796,0.975032203686328,0.0006510548334300812
0.9741734387175777,,
0.975620616720472,,
0.9752866525659579,,
0.9742847601024157,,
0.9759545808749861,,
0.9745074028720917,,
