Acc_test,Mean_test,Std_test
0.936095770033285,0.9388370549963365,0.0021375369821781606
0.9373191944399069,,
0.9400545211672118,,
0.9389376829778335,,
0.9364294312350909,,
0.9409767236555365,,
0.942046061465491,,
