Acc_test,Mean_test,Std_test
0.40662327149865035,0.397139627970208,0.026522769315768285
0.4222284108677914,,
0.34506310431853077,,
0.4056176767944935,,
0.42812219275993485,,
0.3966496791957843,,
0.37567306035627096,,
