Acc_val,Acc_test,Mean_val,Std_val,Mean_test,Std_test
0.9902711653901883,0.985614076804185,0.9903746636307184,0.0004628582027530006,0.9856820150483212,0.0005349462692740361
0.9899606706685986,0.9854951848769469,,,,
0.990685158352308,0.9859707525858994,,,,
0.989546677706479,0.9850196171679942,,,,
0.9908921548333678,0.9852574010224706,,,,
0.9908921548333678,0.9868029960765664,,,,
0.9903746636307182,0.985614076804185,,,,
