Acc_test,Mean_test,Std_test
0.43447651101982254,0.4122645710997717,0.06478644650512698
0.3884727205346123,,
0.5459469006986066,,
0.4077491474659122,,
0.31415840500543435,,
0.4111408623624757,,
0.38390745061153814,,
