Acc_test,Mean_test,Std_test
0.9767190213531584,0.9761783114591605,0.0006217692249168592
0.9757574283062871,,
0.9748294330887644,,
0.9763482866844851,,
0.9764340190766158,,
0.9765904227649623,,
0.9765695689398495,,
