loss_train,loss_val,acc_train,acc_val
0.2290370762348175,0.09853605180978775,0.9101477861404419,0.9677828550338745
0.09733698517084122,0.05907128006219864,0.9709168076515198,0.9835008978843689
0.08035210520029068,0.056581150740385056,0.9764178991317749,0.9834033250808716
0.0749557614326477,0.05824313312768936,0.9782562851905823,0.9829151630401611
0.0726488009095192,0.05804064869880676,0.9789571166038513,0.9825246334075928
0.0698331892490387,0.05843774601817131,0.9798164367675781,0.982719898223877
