Acc_val,Acc_test,Mean_val,Std_val,Mean_test,Std_test
0.9848677145367568,0.9778470444172326,0.9851327038674496,0.00035666760163859503,0.9775925955376028,0.000614689591135236
0.9857463633701065,0.9778470444172326,,,,
0.9847700868886069,0.9770677947233664,,,,
0.9850629698330567,0.9786262941110987,,,,
0.9847700868886069,0.9765111877991762,,,,
0.9855511080738065,0.9776244016475565,,,,
0.9851605974812067,0.9776244016475565,,,,
