Acc_test,Mean_test,Std_test
0.9484412345001049,0.9494650580092178,0.0011940664679905004
0.9479407426973959,,
0.950442043165101,,
0.9502381390973306,,
0.9479465354265939,,
0.9508069851045762,,
0.9504397260734216,,
