Acc_test,Mean_test,Std_test
0.9152671755725191,0.912286441294075,0.002539851336904899
0.9111959287531807,,
0.9145038167938931,,
0.9096692111959288,,
0.9147582697201018,,
0.9124681933842239,,
0.9081424936386768,,
