Acc_val,Acc_test,Mean_val,Std_val,Mean_test,Std_test
0.9923411302007866,0.9876352395672334,0.9923411302007866,0.0002261740920362252,0.9876352395672334,0.0005995333524032286
0.9923411302007866,0.9868029960765664,0.9923411302007866,,0.9868029960765664,
0.9923411302007866,0.9877541314944716,0.9923411302007866,,0.9877541314944716,
0.9924446284413165,0.9865652122220901,0.9924446284413165,,0.9865652122220901,
0.9927551231629063,0.9875163476399953,0.9927551231629063,,0.9875163476399953,
0.9929621196439661,0.9884674830579003,0.9929621196439661,,0.9884674830579003,
0.9924446284413165,0.9878730234217097,0.9924446284413165,,0.9878730234217097,
