Acc_test,Mean_test,Std_test
0.9720500816195544,0.9745772011088276,0.0016718506020920092
0.9727927095027405,,
0.9760343207619524,,
0.976208102637893,,
0.9735527155735207,,
0.9766054838608772,,
0.9747969938052554,,
