Acc_test,Mean_test,Std_test
0.9780696871869086,0.976081805314801,0.0011921989035792247
0.9762885450295001,,
0.9747300456417678,,
0.9763998664143382,,
0.9770677947233664,,
0.9743960814872537,,
0.975620616720472,,
