Acc_test,Mean_test,Std_test
0.43063401229036113,0.4075697317851675,0.021135826188815193
0.41432885764224886,,
0.39484112578927805,,
0.3853757489134051,,
0.4402706003335367,,
0.37885997202106114,,
0.4086778055062812,,
