Acc_test,Mean_test,Std_test
0.9347622837719008,0.938011011812699,0.0022704083722185123
0.9352789952163643,,
0.9393559180259305,,
0.9400869604507207,,
0.9366530305821346,,
0.941071724414384,,
0.9388681702274573,,
