loss_train,loss_val,acc_train,acc_val
0.2971380054950714,0.09603110700845718,0.8656443357467651,0.9672945737838745
0.14198048412799835,0.07906803488731384,0.9459341168403625,0.9750569462776184
0.12694503366947174,0.07269658148288727,0.9522821307182312,0.9750569462776184
0.11947131156921387,0.07480601221323013,0.9558285474777222,0.9744359254837036
0.11584924906492233,0.06081678345799446,0.9575676918029785,0.9801283478736877
0.11289849132299423,0.06439922749996185,0.9586074352264404,0.978679358959198
0.10938408970832825,0.07274395227432251,0.960157573223114,0.9734009504318237
0.10736741870641708,0.06683759391307831,0.9609439969062805,0.9772303700447083
0.1048259437084198,0.06754367053508759,0.9618929624557495,0.9762989282608032
