Acc_test,Mean_test,Std_test
0.4234073839692167,0.4064680049518109,0.020079642703090362
0.3932276230796988,,
0.38441891688347996,,
0.44538309582298935,,
0.3931734423305524,,
0.41167508454905904,,
0.3939904880276799,,
