Acc_test,Mean_test,Std_test
0.9469397590919781,0.9471221473084415,0.0022227477459703018
0.9464566454768633,,
0.9515507715336019,,
0.9434143041020633,,
0.9475839105787979,,
0.9464659138435801,,
0.9474437265322059,,
