Acc_test,Mean_test,Std_test
0.9746834563129743,0.9753837145197405,0.0008299546308457308
0.9763401768636079,,
0.9765070074645108,,
0.9740856466597385,,
0.9754677918463861,,
0.974827115997085,,
0.9757748064938812,,
