Acc_test,Mean_test,Std_test
0.9872785637855189,0.9871087181751788,0.0005784733042079853
0.9872785637855189,,
0.9876352395672334,,
0.9859707525858994,,
0.9878730234217097,,
0.9869218880038045,,
0.9868029960765664,,
