Acc_test,Mean_test,Std_test
0.9781810085717466,0.9777039169224407,0.0006175629471206719
0.9776244016475565,,
0.9781810085717466,,
0.9765111877991762,,
0.9784036513414227,,
0.9778470444172326,,
0.9771791161082044,,
