loss_train,loss_val,acc_train,acc_val
0.1892688274383545,0.049048177897930145,0.9331132769584656,0.9876837134361267
0.07297725230455399,0.036438796669244766,0.9793415069580078,0.9913061261177063
0.056209344416856766,0.032815687358379364,0.9852244853973389,0.992651641368866
0.0513082779943943,0.033092767000198364,0.9865288734436035,0.9915131330490112
0.04850243031978607,0.03338995575904846,0.9874211549758911,0.9922376275062561
0.04666946828365326,0.03356955572962761,0.987912654876709,0.9919271469116211
