Acc_val,Acc_test,Mean_val,Std_val,Mean_test,Std_test
0.9828175339256078,0.975843259490148,0.9829848956081504,0.0004887355955407888,0.9758909686550786,0.0008306206871519469
0.9836961827589573,0.9770677947233664,,,,
0.9835009274626574,0.9760659022598241,,,,
0.9826222786293078,0.975843259490148,,,,
0.9827199062774578,0.9768451519536903,,,,
0.9833056721663576,0.9746187242569297,,,,
0.982231768036708,0.9749526884114439,,,,
