Acc_test,Mean_test,Std_test
0.3306705301152858,0.41207787971842735,0.05175583692404669
0.4711796341065649,,
0.37434779923215045,,
0.47745051401276717,,
0.4442095407964787,,
0.4178278504221222,,
0.3688592893436219,,
