Acc_test,Mean_test,Std_test
0.9757632210354851,0.9741799853923921,0.001590311318790723
0.9708845845049128,,
0.9742976605483861,,
0.9757701723105228,,
0.9746973588630494,,
0.9730881386918395,,
0.9747587617925485,,
