Acc_val,Acc_test,Mean_val,Std_val,Mean_test,Std_test
0.9861368739627062,0.9768451519536903,0.9861368739627062,0.00026827218674316787,0.9768451519536903,0.0008324455608722908
0.9853558527775066,0.9767338305688523,0.9853558527775066,,0.9767338305688523,
0.9858439910182564,0.9761772236446621,0.9858439910182564,,0.9761772236446621,
0.9858439910182564,0.9784036513414227,0.9858439910182564,,0.9784036513414227,
0.9854534804256565,0.9782923299565847,0.9854534804256565,,0.9782923299565847,
0.9856487357219564,0.9763998664143382,0.9856487357219564,,0.9763998664143382,
0.9860392463145563,0.9776244016475565,0.9860392463145563,,0.9776244016475565,
