Acc_test,Mean_test,Std_test
0.9763998664143382,0.9772109222181581,0.0008324455608722907
0.9776244016475565,,
0.9767338305688523,,
0.9768451519536903,,
0.9761772236446621,,
0.9784036513414227,,
0.9782923299565847,,
