Acc_test,Mean_test,Std_test
0.9734889955523425,0.9719655077732634,0.0017663111643996287
0.971510199258299,,
0.971504406529101,,
0.9685246266296396,,
0.9736025330446237,,
0.9739535724340237,,
0.9711742209648138,,
