Acc_test,Mean_test,Std_test
0.9869218880038045,0.9868029960765663,0.0006695450972171537
0.9869218880038045,,
0.987397455712757,,
0.9859707525858994,,
0.9857329687314231,,
0.9869218880038045,,
0.9877541314944716,,
