Acc_test,Mean_test,Std_test
0.40936590102044024,0.3996071740884747,0.02101128745917621
0.3911969286016924,,
0.4196114806840211,,
0.4250035488390691,,
0.3693956787601711,,
0.370970171330365,,
0.41170650938356396,,
