Acc_test,Mean_test,Std_test
0.9452621847162316,0.9434927542060594,0.002237207317088106
0.9412605673862395,,
0.9426670420355187,,
0.9399421422207702,,
0.947071833317693,,
0.9442449814690593,,
0.9440005282969028,,
