Acc_val,Acc_test,Mean_val,Std_val,Mean_test,Std_test
0.9921341337197268,0.9869218880038045,0.9921341337197268,0.0005035747217650174,0.9869218880038045,0.0007376072405390488
0.9913061477954874,0.9860896445131375,0.9913061477954874,,0.9860896445131375,
0.9912026495549575,0.9858518606586613,0.9912026495549575,,0.9858518606586613,
0.9920306354791969,0.9862085364403756,0.9920306354791969,,0.9862085364403756,
0.9922376319602567,0.9862085364403756,0.9922376319602567,,0.9862085364403756,
0.9921341337197268,0.9871596718582808,0.9921341337197268,,0.9871596718582808,
0.9927551231629063,0.9881108072761859,0.9927551231629063,,0.9881108072761859,
