Acc_test,Mean_test,Std_test
0.9764641412684455,0.9757959913320909,0.0010440908170078664
0.9765568249356138,,
0.976676155157093,,
0.9769426207002019,,
0.9751758382948059,,
0.974613943562598,,
0.9741424154058792,,
