Acc_test,Mean_test,Std_test
0.975620616720472,0.9751276220161894,0.0008922733505577581
0.9767338305688523,,
0.9739507959479016,,
0.97573193810531,,
0.9742847601024157,,
0.9746187242569297,,
0.9749526884114439,,
