Acc_test,Mean_test,Std_test
0.39738220292424337,0.4301451471309204,0.020094827032039513
0.4120467644882032,,
0.4258541866006673,,
0.4634187835988371,,
0.44559114989971144,,
0.4378801456811983,,
0.4288427967235817,,
