Acc_test,Mean_test,Std_test
0.940056838258891,0.9391998453506811,0.002445799025311894
0.9401170826425503,,
0.9416730097051385,,
0.9414586787248118,,
0.9401784855720494,,
0.9352233850160633,,
0.9356914375352633,,
