loss_train,loss_val,acc_train,acc_val
0.2016775757074356,0.05908777937293053,0.9289770722389221,0.9845787882804871
0.07060249894857407,0.039790645241737366,0.9801619648933411,0.9901676774024963
0.05654026195406914,0.03979407250881195,0.9850316643714905,0.9904781579971313
0.051486652344465256,0.03357747942209244,0.98653644323349,0.9920306205749512
0.048613376915454865,0.03313816711306572,0.9873380064964294,0.9918236136436462
0.04683744162321091,0.03172524645924568,0.9878106117248535,0.992134153842926
0.04563572257757187,0.036429740488529205,0.9880412220954895,0.9908921718597412
0.04448302835226059,0.03375473618507385,0.9884420037269592,0.9915131330490112
0.04328183829784393,0.03272917494177818,0.9887104630470276,0.992134153842926
