loss_train,loss_val,acc_train,acc_val
0.1344500035047531,0.045224741101264954,0.9565544724464417,0.9899606704711914
0.06390124559402466,0.038842178881168365,0.9834815263748169,0.9897536635398865
0.0553332082927227,0.03591131418943405,0.985878586769104,0.9915131330490112
0.05190366506576538,0.03428769111633301,0.9864910840988159,0.9916166663169861
0.04964691027998924,0.0331244133412838,0.9871300458908081,0.992444634437561
0.04850891977548599,0.03671231120824814,0.9872775077819824,0.9910991787910461
0.0473499670624733,0.035632845014333725,0.9876857995986938,0.9917201399803162
0.04626654461026192,0.03481462597846985,0.9879807233810425,0.9918236136436462
